117793439,valentin_l,252
85575657,Huntynette,366
215058742,plasticarrow,2321
12244992,alexmouchotte,1462
366570919,brunosarrodet,619
410093641,thomas087,269
421178097,EqualityFairy,442
493016406,chrisquette,2110
19064222,iCanDoItgirl,284
114073151,AFredo31000,479
567891799,piotrmelala,335
144247696,bebabessay,448
361410207,loliv2809,236
44578635,thierry_c,3598
937738092,pietro_berti,1787
7845032,__cyp,256
610906968,JeandeRobien,1869
297874133,Binouite,320
351511437,myricau,832
105895223,Karmappa,312
492979054,luciepaule2275,260
841455985,sebastienglasso,330
19148041,tigerymous,340
209999168,SSIAP4,798
37643770,Bitchy_Boys,302
377915090,aourell29,1675
524312432,mariette94val,1419
1292276934,mandrake3430,624
117146551,manaufr,307
478657425,CitoyennEloOoo,1391
85898326,Cebolla92,1668
343910079,RomainRossignol,424
446679333,AlexisTGF,215
121861836,AnthonyFouchard,552
464502436,tetunicois,1102
351981700,2QT_2B_STR8,224
117731283,Papyfab,234
554581413,PDumalanede,522
211804337,d4v1d_0ff,283
59509957,V_Citizen,1278
1273690998,TonyMitchelli66,222
513715474,DiesIraes,503
26105117,Mat_A,430
250795515,AdriendeMeaux,504
636477992,cello_muse,507
1091603312,jeujune,248
163028724,jean_fabrice,269
9401502,_Nico_,305
1187474786,ADAN_Officiel,3457
269809161,David_vanH,497
507459476,ArethaConnery,2304
18973578,GeorgesBerger,230
152206367,Aurelien2b6,400
463786592,jeresiste92,408
288991803,BJM781,1483
580843991,FO_Giesbert,10014
40301992,nanotousch,1048
129948456,Diderot12,1478
84872249,AndyCBD,269
124232644,RomainGuyard,325
463098703,Keke38680,242
471659724,hennaJo,1160
526834453,Jamiedu54,598
1283884723,latruelle,450
106686430,AubeActu,762
391539340,MmeLenvie,10161
394765835,MontChauve,383
712275560,DewallensGaby,434
522477178,MortauxCons,325
36735292,BEDINISebastien,1549
92417087,JohanBENAZZOUZ,343
164807164,PlacideSauvage,432
120865840,Elisa6666,367
477778623,_A_Weiss_,1217
747890929,ArdrB,332
489310581,JeanMarcVILLER,281
317027524,JoyYsf,245
159090275,Philippedecamps,1240
494120149,MdameMichu,16495
186647026,leanfe4,3690
368638481,PtitsPois,381
1145995544,pouceopposable,838
469458630,Nicolas_Surmont,426
6890532,vmilchberg,2315
637259252,TheOccitan,602
208189540,BenjaminG__,658
279063860,PetiMuLo,245
197359781,Larmurerie,2133
604704562,bonsoirmichel,425
562422413,futurswing,812
378070152,fabricemucci,561
1083323934,LoeizRoul,223
43607022,pascal95,643
590003661,caro_caron,969
20191250,zeyesnidzeno,1671
492969763,simplythe13,645
126787904,gala444,266
555554262,boite_boite,1319
284085035,Zozote_Niki,919
550846511,MathieuDurquety,397
248801391,SparkleToEscape,349
299018689,Nniina_,2661
431849483,ThibaultGential,741
922973006,hubert0612,218
123214391,FranceBedos,251
592823197,MONBONHEUR1,1761
17820489,Khalilbm,3128
327558364,chanamla,612
45662302,arnocast,2524
449285966,alanisbj,225
132491941,Marie_Jou,671
117138930,Im__Manon,347
137855621,nathalieaudin,267
138100844,Jeromeprodhomme,1065
547420730,tdechampagn,1145
864949519,londonclash,423
223382695,calipette,534
281566888,Hoolister_,1359
56407337,benedicteliesse,974
63478646,fandetv,1772
788996941,Fromzegulag,870
546985745,Heelo1D,1240
1092108078,manifpourtous83,575
493031776,ntwolfmother,2921
7227522,tristanmf,4764
333399010,BriceSylvestre1,794
1315455853,floriandurand3,714
535518932,LeBruitLaFureur,1638
219355885,marsu35,488
206125363,MANUE_G,518
114775729,_politweet,2446
490337810,NinjaCopieur,235
613788981,Little_Monkeeys,351
359422134,Anonyme_curieux,578
461826069,SchmidtkeCedric,701
455692100,FranDIDIER,1121
241659010,Bruhlmann,263
401290992,Waspj,479
331286051,BukIsGod,378
595866006,coralie1001,2161
279872903,StefanCavers,2204
361158080,alexdo37,248
87377688,natonhg,1224
490589779,Neoprofs,1222
849426162,GHulsens,348
17871187,dombouissou,5933
326101186,Astrow_LC,350
88462044,Samuel_Lafont,9334
269399115,Nicolasudi62,519
458806722,piekowa,1173
701586668,Sakuuw,355
547957320,mauzemontole,526
570962113,OdetteRichert,338
251595945,MathieuD_S,241
125207364,chantalrebelle,2880
115093117,BorisThiolay,653
112716692,Guerlavais,868
799253460,NouvelArbitre,1289
746000443,FleurianeRose,1379
361995292,Jerem_MD,1603
764478506,F_N_88,395
52331565,humourdedroite,206245
12948642,etopie,368
80235962,lamoniromero,1287
880713271,ClemenceMiku,779
568534007,LaNoctiflore,867
11842122,sebtik,853
192704753,ldevilloutreys,1417
373973181,vince1786,251
365438321,Romain_FO,368
111694745,imodine,2719
906943273,GiovanniAnversa,498
494129264,MagalieHerlem,389
434462618,onefrombelgium,730
15119739,dnsdrs,396
7084742,macinside,364
999587480,legeremilie1,292
272461268,FioMog,407
264192701,HeleneFontanaud,10116
21640730,Martov,1816
252552050,martin76130,6459
47706812,jgiovannoni,839
508752598,mc_1220,797
375573313,romainthomazeau,232
102766650,mayasdreams,915
194972954,FloHmz,321
537477494,Phil_Hauss,260
485915695,Languedebip,440
1144938307,FreezPakAuChoco,210
462258095,ainsivalinfo,696
1146439224,lilili69lilili,458
249091144,vincent_vauclin,1055
162764688,AimeeLoved_B,1263
214123881,PhilU_2,425
19233676,Salome_L,7641
127080148,capecodmiss,343
992159581,juannovali,1009
47336512,Amk84000,4184
705617755,huguesrenson,215
312888560,anouchkacohen,2834
183207275,LucBentz,963
370932257,Lloyd__Hopkins,284
1127243618,TorrideFL,334
493515305,s_ignatovitch,769
182906244,ABMauger,327
381184790,Bebeuss,1259
137370532,pascal44p,3964
193045025,aymordi,594
93064156,Nox_Ley,327
17400044,teppdude,727
235223292,alefdiakonos,368
188416846,_Karmapolis,249
334066302,L_ami_Nekane,208
117455135,sarmcdonnell,332
999252745,FrancoiseCaron,417
249152631,Latifah75,236
197063362,champ_pignon,1732
208413463,thibaultparis,301
827131363,Robespierre2013,1309
995594388,theonet65,208
399484284,niquesarahce,319
427690503,Safae_F,299
313420534,JonLivin,376
393627660,chdelporte,1447
493435606,Lautrec31,480
48484744,C__T__W,396
7627832,Alkanz,10757
592523426,heelusion,451
83880115,ninarevolution,2101
554843376,deuxiemetour,2583
96237379,Lebenado,228
335860185,cha_matou,789
964239906,emmarguerite,211
560991444,vandemeulebrou,463
1068828068,levelb_,533
427277574,Loup_solidaire,988
46642939,pprevert,2700
309024736,Margochiste_,217
127328676,Joan_Louis_Font,486
456917253,SylvieTolmont,406
203032542,Tchouktchou_k,231
30939939,moniqueroyer,236
303154397,reidoth,1043
331676157,FranckDebeaud,229
301853897,juls_eve,1077
449979913,cambouscasse,281
988372536,Zorro_justicier,293
628126313,deRati,1231
46446811,marineturchi,18032
142598572,Yasmilady,827
1157290465,ObjectifDroite,210
219397176,flohin,362
457620401,LouisMilanoD,354
18125180,AudeBaron,25284
343349453,maurtyfer,552
478058571,HAMONVIR,319
1393595936,TeamPSG__,620
1336054920,LMPT_Poitou,268
197546958,RemyFleury,367
96003627,Messa_chelkia,214
381467710,julesbiron,376
524240651,SBelbachir,240
295249309,jfporchez,1986
39761398,victorbellec,696
40857776,Jules_Lecomte,424
389978629,J_de_Leiris,532
53336284,HugoTravers,2715
5610642,JonBlum,840
929996576,karavage69,214
117407454,Family_Gay_com,803
610095565,P_GAGNIERE,270
1134367200,Yasmineeeech,214
610242039,gustaveparking,29358
1150789543,CrazyIndoMonkey,268
91863617,fabienpaillot,321
552171483,MiniLabiur,486
17688298,alexaussedat,482
99245311,petaramesh,1036
1106725483,robertsoizic,296
1346104482,GregLeclerc,221
30921943,Rushkoff18,1092
465367030,dhenneton,211
299831200,MOA7BON,405
614881679,josiezezet,294
46151256,E_Dupin,6753
19234625,pocket_pau,467
557464571,MarieMarchi,2138
45400645,jcdsopi,370
1163967229,manifpourtous25,564
120584165,JulienIelsch,351
444806820,OPredhomme,307
134179437,Glambertaccroes,370
195410381,PaulGRennes,427
388175079,jordann2k,239
1378217570,Miawallace888,866
313380064,sanmel35,203
134228139,TheiMika,322
476098647,CEA055,939
361752469,JD_de_Kermadec,414
1032587216,id261,449
308721132,pierrerosellini,1759
380841357,Maga_Mata,1523
384873279,JOLPress,2240
1381953745,Le_Reel,712
282056619,BastienHo,267
344784037,lookas__,588
412414921,LLR2012,250
92506911,atournier,1869
37642453,vit_leo,556
915287179,jeanpare467,674
256988281,richardwaghorne,2231
110186782,CharlesHervis,240
340556130,Lennyclerck,893
302906057,Twystsky,3765
273408439,ChaBahuon,395
560484062,Marcia_lover,511
56310717,Bourg_la_Reine,263
933008557,lgg_alexis,339
1085464770,maniftousvernon,509
303864268,east_press_comp,699
582116966,StopLeDeclin,1683
17706796,bastienhugues,19777
574710648,Tatitedu13,965
226889077,E_Mehdi,1808
56396019,Louis_San,1392
182138330,Anthony_Verdot,278
83206603,Spidercauchois,1172
242382947,RaphaelCopin,349
562960544,MatiDreams,4344
436846029,erayeye,239
90894097,douce2franclieu,712
384576997,Gervais_F,585
327283289,AnneCa_Wcz,265
866758308,Metal_Maxime,271
17406841,ArRicher,717
482001124,BELLEGO5,277
256201423,AnaisDlb,209
1051076298,faquest,217
210370180,laurent4485,383
49728863,Do_56,1071
1223067811,angelotumbarell,309
146816951,Yannzerodeux,748
38244333,Stbslam,2005
1378388058,AntoineBoyer75,1208
275179228,harphan75,352
572098981,cathy6811,775
856718436,JeremyV2S,498
514288085,Librevoi,1244
264565063,heavyburtations,514
364184273,29lebreton,1192
340775394,Antoine_Leveque,5622
233832476,Fengel11,698
122934798,LauredeMontalem,842
244549874,AnaComKi,1233
343030340,wagihe2012,853
523021274,MechantJuge,211
516801211,RostImmo,421
235290611,ashtrayheart190,300
120037444,franckraleur,713
40639652,dominiquevin,1068
927946430,CabelloMarc,298
33908285,rambaux,520
120007623,BlablaDeGauche,320
266653766,catene06,368
398844721,EEhrmann,301
222277722,SophiaIfigha,1830
6241412,embruns,5864
194045521,BenoitCAZALS,1566
747682770,laurentrosay,221
532335718,BMpolitics,805
30709938,ludovicbhamon,639
346426848,marcvama,691
554485198,Wks_69,5658
1130159095,ManifPourTous29,556
116063765,axellelemaire,5680
950596531,lireine7,202
434837450,CCalmier,3530
543812894,EricCartmanFR,2193
1357804986,leclanNS,329
1378388058,AntoineBoyer75,1208
275179228,harphan75,352
572098981,cathy6811,775
856718436,JeremyV2S,498
514288085,Librevoi,1244
264565063,heavyburtations,514
364184273,29lebreton,1192
340775394,Antoine_Leveque,5622
233832476,Fengel11,698
122934798,LauredeMontalem,842
244549874,AnaComKi,1233
343030340,wagihe2012,853
523021274,MechantJuge,211
516801211,RostImmo,421
235290611,ashtrayheart190,300
120037444,franckraleur,713
40639652,dominiquevin,1068
927946430,CabelloMarc,298
33908285,rambaux,520
120007623,BlablaDeGauche,320
266653766,catene06,368
398844721,EEhrmann,301
222277722,SophiaIfigha,1830
6241412,embruns,5864
194045521,BenoitCAZALS,1566
747682770,laurentrosay,221
532335718,BMpolitics,805
30709938,ludovicbhamon,639
346426848,marcvama,691
554485198,Wks_69,5659
1130159095,ManifPourTous29,556
116063765,axellelemaire,5681
950596531,lireine7,202
434837450,CCalmier,3530
543812894,EricCartmanFR,2193
1357804986,leclanNS,329
191008573,oliviersiou1,4431
560214644,ak_bx,399
28666886,bembelly,1984
114082221,ssssandrine,932
574384230,CarreyBizarre,382
1281026822,_JimmyHenin,362
267391902,Lisa_Lfb,270
99792030,Cobainment_,297
36401516,SophieSine,516
376107351,angelinirodsson,626
97678155,ximemarie,327
1064244859,SVimaire,621
51130368,nathanou,1270
298426715,p_brun,253
1027248156,ktrinelebreton,655
1035071400,justweetyme,393
630165516,Pierredu19,1300
233665339,KJerault,205
1164176504,BrightStar0907,685
517327670,marcoschinsky,766
28775453,mic_hug,1792
239711705,jssinfo,731
344592915,caracoq,1568
1001768100,NaregKn,231
31077839,ChrisMichelFr,2305
523264165,MEWJ79,648
376786245,Patourose,1637
252800491,kkerima,1129
561253885,Entre2Tours,1020
527560962,Megane_8D,776
946392384,Pridemap,2033
11632152,Lewiszche,902
84204116,adia66,1422
336633781,xiaofengpinku,342
299760936,fredcocharl,1086
971862548,edensissi,643
956038812,NiqueTonParent2,217
822043453,acrimo,226
499297785,BabeWatin,619
17420789,GaetanAndrieux,2123
253312786,Willy_Rovelli,21460
449256217,Patriote_973,759
36191393,Infrarouge3,907
190634964,xpennec,374
444039081,CBrousset,601
87308381,FabriceDrevon,1580
105118180,patoche84,268
187260157,GuntherRedal,271
470976991,pierrejsch,740
108289814,Tortoyse,211
70920002,Arybaux,3027
609416896,ojim_france,782
56325215,MathLOFF,850
493438983,YanuzS,258
86542520,Lahirelsb,1451
758032711,fbu_82,818
82313419,mahorchiche,815
485917030,FabienGrech,698
348755668,thibaultdpr,462
459952550,SGouez,343
17567021,jarousseau,774
43886088,azurelite,391
854662140,opiamPG,398
581070678,blaemag,1322
494772708,follande,572
278223385,abbeamar,6054
50797195,Geekin_20,1182
120609202,HAREL22,1338
91534334,monsieurhug,1226
572136929,vio_Official,283
540849537,CClement_2012,434
86054785,Francebleubzh,2082
118122782,centregaux,762
130626642,alice13b,493
494037039,CarretierG,692
30979415,fabien_lorch,1444
341706672,DiDorleprince,244
223277812,jeremrichard,341
299190831,StphaneCariou,509
46386171,JeanZeid,13537
50140483,Tizzfitz,603
287333441,GilKennedy,673
5661312,antuan,756
17390989,Antwhat,1011
83412210,xavmonty,669
1389542826,LetemplierLoic,747
278063562,olivierdussopt,7175
114675553,icosium59,2070
149893981,Foxity78,886
75584215,plarad,1639
1120655828,vincny01,1241
63832723,ELHistorico7589,1271
330382805,hgwca,287
135487277,1CaptainTsubasa,351
41902382,SamHocevar,859
41189207,Ti__Ta,340
498263857,_gallo_pinto_,234
48795332,JulieLeGoic,261
235174844,Just1M0t,979
8720472,enahpets,318
68654204,julienbellver,9981
22416221,TristanQM,3657
406139858,pellustration,475
24898882,bloomee,1416
392125682,LauraEden97,682
21302947,PierreKanuty,3644
17530983,david_m_wagner,654
14049604,thisfrenchlife,2236
312307608,Max_Vess,911
498747756,Mbcustode,367
197535822,QChillou,234
201823117,t4gula,510
94788070,ThyHee,2012
220624837,corentincarpent,939
573655381,ProcsVerbal,236
1014115350,Rafiq_al_Taneen,993
33179844,MMaestracci,14434
17682385,isaway,1778
210739755,jftam1974,622
550839581,sarko_lapanique,754
345938366,JJUrvoas,11564
61782086,dimitrimoulins,2081
9283232,AnthDotFr,218
782119382,NicolasBeyls,399
472120082,herky144,227
236925072,leoborsacchi,208
776797585,lavienbleu57,1634
96828919,damiens80,393
763178671,CorinneDTR,1447
19062473,jo_delb,2103
192663110,L_Impert,281
299742650,RobinFreret,558
257018969,gldfingr,317
356091626,Demsinho,1174
235910137,PSchydlowski,4234
21749962,pasmalin,658
15353074,Donjipez,4072
452097865,Nicolebougeard,919
474316779,conte_mick,660
597586397,arbaty45,696
433486563,Montag_360,978
1167071,tchuntfr,799
155810417,lmorel3,297
21597335,Littlecelt,1064
563629676,DislyLeopold,804
113861790,delpeyrat,1902
584882931,FlorianRinguede,500
563850602,Leerkat,380
541171533,DavideRonni,335
1093208600,j_ump75,264
49821396,Elvira1841,1315
106112369,supervixen1978,426
17508660,CecileDuflot,145932
84642200,Nat_Hansenn,818
14625354,Spha,444
57908699,judithfromparis,611
118510306,flyingbrainiac,320
188063559,PlaceLuxEU,2992
33188603,MarcHernandez_,729
565424442,LAURENTvronique,261
285153783,barkettedelu,236
96138456,cristianu7,2304
54302218,_DelenaHope_,741
126728014,Docta_RO,422
241201457,BMleila,1109
59433520,Mr_Loxapac,278
623005011,SallyTweet_,755
167495274,Pipotin_bzh,768
238162366,LilianeDurand,405
203076575,Absolem85,360
53901634,AsidozFr,257
11793022,misterclem,3419
265933807,lepasblogueur,1548
59741801,Fee_Lait,1060
1146205688,tttralalaa,340
320857884,Cindy_Capshaw,409
171626374,Kouentine,880
85450486,chrysoline,380
714997424,M4CHI4V3L,302
40255988,alex__marx,1226
121381154,Gentilchanoir,3971
166148161,tbromet,1247
563110956,ADCTR1,380
809214906,TomRnd,415
17732829,we_are_pigeons,444
21313364,LeNouvelObs,319313
